{
  "Skin-Melanoma": {
    "n_samples": 70,
    "M_none": 0.9195920452595963,
    "M_1d": 0.9337717027799678,
    "M_hic": 0.9332089498371364,
    "delta_1d_none": 0.014179657520371536,
    "delta_hic_1d": -0.0005627529428313682
  },
  "Liver-HCC": {
    "n_samples": 264,
    "M_none": 0.948605988817893,
    "M_1d": 0.9899330640099563,
    "M_hic": 0.9927204458424213,
    "delta_1d_none": 0.041327075192063245,
    "delta_hic_1d": 0.0027873818324649635
  },
  "Eso-AdenoCa": {
    "n_samples": 98,
    "M_none": 0.979321872907405,
    "M_1d": 0.9893645879526037,
    "M_hic": 0.9893259516876619,
    "delta_1d_none": 0.010042715045198713,
    "delta_hic_1d": -3.8636264941827037e-05
  },
  "Panc-AdenoCA": {
    "n_samples": 239,
    "M_none": 0.9411154144960763,
    "M_1d": 0.9770534804414013,
    "M_hic": 0.9761185130945388,
    "delta_1d_none": 0.035938065945325004,
    "delta_hic_1d": -0.0009349673468624919
  },
  "Breast-AdenoCa": {
    "n_samples": 113,
    "M_none": 0.870380234684172,
    "M_1d": 0.9315966106474454,
    "M_hic": 0.9607447670745116,
    "delta_1d_none": 0.06121637596327334,
    "delta_hic_1d": 0.029148156427066252
  },
  "Ovary-AdenoCA": {
    "n_samples": 71,
    "M_none": 0.9133429890597837,
    "M_1d": 0.9701748140137222,
    "M_hic": 0.9841018001639484,
    "delta_1d_none": 0.05683182495393846,
    "delta_hic_1d": 0.01392698615022625
  },
  "Prost-AdenoCA": {
    "n_samples": 191,
    "M_none": 0.954170343765695,
    "M_1d": 0.9900897571963652,
    "M_hic": 0.9873549621800751,
    "delta_1d_none": 0.03591941343067018,
    "delta_hic_1d": -0.002734795016290037
  },
  "Stomach-AdenoCA": {
    "n_samples": 37,
    "M_none": 0.9707603801750987,
    "M_1d": 0.9859219808920148,
    "M_hic": 0.9911541628187774,
    "delta_1d_none": 0.01516160071691608,
    "delta_hic_1d": 0.005232181926762669
  }
}