{
  "cancer_type": "Liver-HCC",
  "n_samples": 264,
  "n_bins": 3053,
  "n_signatures": 8,
  "signatures": [
    "SBS1",
    "SBS4",
    "SBS5",
    "SBS6",
    "SBS12",
    "SBS16",
    "SBS17a",
    "SBS17b"
  ],
  "hparams": {
    "hidden": 64,
    "heads": 4,
    "dropout": 0.1,
    "lr": 0.001,
    "epochs": 300,
    "lambda_tad": 0.0,
    "lambda_l2": 0.0001,
    "patience": 30
  },
  "models": {
    "M_none": {
      "cos_mean": 0.948605988817893,
      "cos_std": 0.04180242653634922,
      "median": 0.9617868551147082,
      "time_sec": 1258.8603887557983,
      "best_loss": 11.247414585541595
    },
    "M_1d": {
      "cos_mean": 0.9899330640099563,
      "cos_std": 0.01168731296751994,
      "median": 0.9947402766111004,
      "time_sec": 3014.4959621429443,
      "best_loss": 12.21407979184931
    },
    "M_hic": {
      "cos_mean": 0.9927204458424213,
      "cos_std": 0.00989718939361653,
      "median": 0.9963443485927415,
      "time_sec": 3303.8676538467407,
      "best_loss": 12.493725898139404
    }
  }
}