{
  "cancer_type": "Skin-Melanoma",
  "n_samples": 70,
  "n_bins": 3053,
  "n_signatures": 10,
  "signatures": [
    "SBS1",
    "SBS5",
    "SBS7a",
    "SBS7b",
    "SBS7c",
    "SBS7d",
    "SBS11",
    "SBS17a",
    "SBS17b",
    "SBS38"
  ],
  "hparams": {
    "hidden": 64,
    "heads": 4,
    "dropout": 0.1,
    "lr": 0.001,
    "epochs": 300,
    "lambda_tad": 0.0,
    "lambda_l2": 0.0001,
    "patience": 30
  },
  "models": {
    "M_none": {
      "cos_mean": 0.9195920452595963,
      "cos_std": 0.040743269882025895,
      "median": 0.908741152530973,
      "time_sec": 172.25900387763977,
      "best_loss": 80.07222836017608
    },
    "M_1d": {
      "cos_mean": 0.9337717027799678,
      "cos_std": 0.044639006711506994,
      "median": 0.9205009873120185,
      "time_sec": 311.5291130542755,
      "best_loss": 84.19461363383702
    },
    "M_hic": {
      "cos_mean": 0.9332089498371364,
      "cos_std": 0.04657457958062345,
      "median": 0.9183083386579053,
      "time_sec": 547.4648785591125,
      "best_loss": 84.65765790939331
    }
  }
}